branch,label,config,bandgap_eV,e_fermi_eV,d_CuN_mean,d_CuN_std,d_CuN_min,d_TaN_mean,d_TaN_std,d_TaN_min,d_metalN_mean,d_metalN_std
temperature_300.0,300 K,config_1,0.731543,5.294950,,,,,,,,
temperature_300.0,300 K,config_2,0.711665,5.272945,,,,,,,,
temperature_300.0,300 K,config_3,0.714775,5.252808,,,,,,,,
temperature_300.0,300 K,config_4,0.698725,5.314281,,,,,,,,
temperature_300.0,300 K,config_5,0.754904,5.233765,,,,,,,,
temperature_300.0,300 K,config_6,0.729178,5.283836,,,,,,,,
temperature_300.0,300 K,config_7,0.701862,5.312529,,,,,,,,
temperature_300.0,300 K,config_8,0.690591,5.305498,,,,,,,,
temperature_300.0,300 K,config_9,0.724278,5.289838,,,,,,,,
temperature_300.0,300 K,config_10,0.682243,5.303310,,,,,,,,
temperature_300.0,300 K,config_11,0.736623,5.230358,,,,,,,,
temperature_300.0,300 K,config_12,0.716086,5.293799,,,,,,,,
temperature_300.0,300 K,config_13,0.770210,5.187599,,,,,,,,
temperature_300.0,300 K,config_14,0.716572,5.296126,,,,,,,,
temperature_300.0,300 K,config_15,0.707294,5.252102,,,,,,,,
temperature_300.0,300 K,config_16,0.785303,5.201965,,,,,,,,
temperature_300.0,300 K,config_17,0.802925,5.253864,,,,,,,,
temperature_300.0,300 K,config_18,0.756776,5.231316,,,,,,,,
temperature_300.0,300 K,config_19,0.790558,5.230725,,,,,,,,
temperature_300.0,300 K,config_20,0.716311,5.300233,,,,,,,,
temperature_300.0,300 K,config_21,0.789127,5.247215,,,,,,,,
temperature_300.0,300 K,config_22,0.828838,5.237476,,,,,,,,
temperature_300.0,300 K,config_23,0.834270,5.245471,,,,,,,,
temperature_300.0,300 K,config_24,0.789836,5.260159,,,,,,,,
temperature_300.0,300 K,config_25,0.764397,5.310810,,,,,,,,
temperature_300.0,300 K,config_26,0.799177,5.239765,,,,,,,,
temperature_300.0,300 K,config_27,0.799505,5.249838,,,,,,,,
temperature_300.0,300 K,config_28,0.752241,5.298394,,,,,,,,
temperature_300.0,300 K,config_29,0.777236,5.261847,,,,,,,,
temperature_300.0,300 K,config_30,0.734343,5.248526,,,,,,,,
temperature_300.0,300 K,config_31,0.787403,5.229134,,,,,,,,
temperature_300.0,300 K,config_32,0.777563,5.225188,,,,,,,,
temperature_300.0,300 K,config_33,0.777514,5.237544,,,,,,,,
temperature_300.0,300 K,config_34,0.798989,5.233532,,,,,,,,
temperature_300.0,300 K,config_35,0.783381,5.252599,,,,,,,,
temperature_300.0,300 K,config_36,0.809612,5.230723,,,,,,,,
temperature_300.0,300 K,config_37,0.874722,5.257213,,,,,,,,
temperature_300.0,300 K,config_38,0.870279,5.237613,,,,,,,,
temperature_300.0,300 K,config_39,0.890262,5.249346,,,,,,,,
temperature_300.0,300 K,config_40,0.844846,5.233508,,,,,,,,
temperature_300.0,300 K,config_41,0.881346,5.262954,,,,,,,,
temperature_300.0,300 K,config_42,0.891583,5.224403,,,,,,,,
temperature_300.0,300 K,config_43,0.835152,5.155239,,,,,,,,
temperature_300.0,300 K,config_44,0.798063,5.202240,,,,,,,,
temperature_300.0,300 K,config_45,0.894896,5.225935,,,,,,,,
temperature_300.0,300 K,config_46,0.833608,5.233066,,,,,,,,
temperature_300.0,300 K,config_47,0.768400,5.256671,,,,,,,,
temperature_300.0,300 K,config_48,0.823766,5.244222,,,,,,,,
temperature_300.0,300 K,config_49,0.795475,5.301261,,,,,,,,
temperature_300.0,300 K,config_50,0.913198,5.239226,,,,,,,,
temperature_300.0,300 K,config_51,0.938976,5.224636,,,,,,,,
temperature_300.0,300 K,config_52,0.909377,5.227243,,,,,,,,
temperature_300.0,300 K,config_53,0.920205,5.168506,,,,,,,,
temperature_300.0,300 K,config_54,0.843850,5.246145,,,,,,,,
temperature_300.0,300 K,config_55,0.904222,5.236455,,,,,,,,
temperature_300.0,300 K,config_56,0.871480,5.226810,,,,,,,,
temperature_300.0,300 K,config_57,0.847847,5.255880,,,,,,,,
temperature_300.0,300 K,config_58,0.849538,5.228742,,,,,,,,
temperature_300.0,300 K,config_59,0.939123,5.171992,,,,,,,,
temperature_300.0,300 K,config_60,0.889409,5.166010,,,,,,,,
temperature_300.0,300 K,config_61,0.836420,5.225771,,,,,,,,
temperature_300.0,300 K,config_62,0.850510,5.259698,,,,,,,,
temperature_300.0,300 K,config_63,0.854023,5.237447,,,,,,,,
temperature_300.0,300 K,config_64,0.796155,5.287310,,,,,,,,
temperature_300.0,300 K,config_65,0.838032,5.244408,,,,,,,,
temperature_300.0,300 K,config_66,0.863981,5.259590,,,,,,,,
temperature_300.0,300 K,config_67,0.864299,5.251313,,,,,,,,
temperature_300.0,300 K,config_68,0.811791,5.251382,,,,,,,,
temperature_300.0,300 K,config_69,0.807942,5.235734,,,,,,,,
temperature_300.0,300 K,config_70,0.859055,5.227270,,,,,,,,
temperature_300.0,300 K,config_71,0.877562,5.241406,,,,,,,,
temperature_300.0,300 K,config_72,0.890879,5.254179,,,,,,,,
temperature_300.0,300 K,config_73,0.858598,5.210916,,,,,,,,
temperature_300.0,300 K,config_74,0.880970,5.215555,,,,,,,,
temperature_300.0,300 K,config_75,0.861926,5.236428,,,,,,,,
temperature_300.0,300 K,config_76,0.899222,5.225211,,,,,,,,
temperature_300.0,300 K,config_77,0.885659,5.227728,,,,,,,,
temperature_300.0,300 K,config_78,0.836051,5.241529,,,,,,,,
temperature_300.0,300 K,config_79,0.851877,5.230830,,,,,,,,
temperature_300.0,300 K,config_80,0.855711,5.249890,,,,,,,,
temperature_300.0,300 K,config_81,0.920302,5.224204,,,,,,,,
temperature_300.0,300 K,config_82,0.935082,5.176870,,,,,,,,
temperature_300.0,300 K,config_83,0.837050,5.234227,,,,,,,,
temperature_300.0,300 K,config_84,0.893658,5.228100,,,,,,,,
temperature_300.0,300 K,config_85,0.846856,5.246672,,,,,,,,
temperature_300.0,300 K,config_86,0.851490,5.257258,,,,,,,,
temperature_300.0,300 K,config_87,0.804454,5.260272,,,,,,,,
temperature_300.0,300 K,config_88,0.861813,5.237413,,,,,,,,
temperature_300.0,300 K,config_89,0.902092,5.182601,,,,,,,,
temperature_300.0,300 K,config_90,0.847138,5.234050,,,,,,,,
temperature_300.0,300 K,config_91,0.789768,5.285432,,,,,,,,
temperature_300.0,300 K,config_92,0.756527,5.307858,,,,,,,,
temperature_300.0,300 K,config_93,0.859501,5.215141,,,,,,,,
temperature_300.0,300 K,config_94,0.895252,5.248303,,,,,,,,
temperature_300.0,300 K,config_95,0.787531,5.256615,,,,,,,,
temperature_300.0,300 K,config_96,0.829942,5.254486,,,,,,,,
temperature_300.0,300 K,config_97,0.829662,5.240327,,,,,,,,
temperature_300.0,300 K,config_98,0.764745,5.242096,,,,,,,,
temperature_300.0,300 K,config_99,0.725535,5.290934,,,,,,,,
temperature_300.0,300 K,config_100,0.774685,5.303446,,,,,,,,
temperature_300.0,300 K,config_101,0.771455,5.233927,,,,,,,,
temperature_300.0,300 K,config_102,0.872224,5.183309,,,,,,,,
temperature_300.0,300 K,config_103,0.809725,5.247234,,,,,,,,
temperature_300.0,300 K,config_104,0.835593,5.232274,,,,,,,,
temperature_300.0,300 K,config_105,0.813754,5.239462,,,,,,,,
temperature_300.0,300 K,config_106,0.813844,5.193237,,,,,,,,
temperature_300.0,300 K,config_107,0.832794,5.256708,,,,,,,,
temperature_300.0,300 K,config_108,0.771614,5.239287,,,,,,,,
temperature_300.0,300 K,config_109,0.781208,5.245314,,,,,,,,
temperature_300.0,300 K,config_110,0.763416,5.298371,,,,,,,,
temperature_300.0,300 K,config_111,0.748910,5.233299,,,,,,,,
temperature_300.0,300 K,config_112,0.818487,5.241796,,,,,,,,
temperature_300.0,300 K,config_113,0.818672,5.232205,,,,,,,,
temperature_300.0,300 K,config_114,0.715251,5.248209,,,,,,,,
temperature_300.0,300 K,config_115,0.821331,5.231226,,,,,,,,
temperature_300.0,300 K,config_116,0.805196,5.230417,,,,,,,,
temperature_300.0,300 K,config_117,0.777854,5.261966,,,,,,,,
temperature_300.0,300 K,config_118,0.762518,5.253223,,,,,,,,
temperature_300.0,300 K,config_119,0.858006,5.228902,,,,,,,,
temperature_300.0,300 K,config_120,0.805644,5.248584,,,,,,,,
temperature_300.0,300 K,config_121,0.709029,5.301247,,,,,,,,
temperature_300.0,300 K,config_122,0.755394,5.233438,,,,,,,,
temperature_300.0,300 K,config_123,0.735752,5.251849,,,,,,,,
temperature_300.0,300 K,config_124,0.863779,5.171922,,,,,,,,
temperature_300.0,300 K,config_125,0.789969,5.238763,,,,,,,,
temperature_300.0,300 K,config_126,0.688997,5.314768,,,,,,,,
temperature_300.0,300 K,config_127,0.736999,5.244315,,,,,,,,
temperature_300.0,300 K,config_128,0.769679,5.221420,,,,,,,,
temperature_300.0,300 K,config_129,0.758500,5.243485,,,,,,,,
temperature_300.0,300 K,config_130,0.782063,5.235716,,,,,,,,
temperature_300.0,300 K,config_131,0.755321,5.284902,,,,,,,,
temperature_300.0,300 K,config_132,0.730293,5.255578,,,,,,,,
temperature_300.0,300 K,config_133,0.719272,5.305209,,,,,,,,
temperature_300.0,300 K,config_134,0.679351,5.250684,,,,,,,,
temperature_300.0,300 K,config_135,0.738437,5.248839,,,,,,,,
temperature_300.0,300 K,config_136,0.724276,5.298368,,,,,,,,
temperature_300.0,300 K,config_137,0.831386,5.249517,,,,,,,,
temperature_300.0,300 K,config_138,0.753294,5.320149,,,,,,,,
temperature_300.0,300 K,config_139,0.781869,5.294135,,,,,,,,
temperature_300.0,300 K,config_140,0.804987,5.246212,,,,,,,,
temperature_300.0,300 K,config_141,0.747690,5.305581,,,,,,,,
temperature_300.0,300 K,config_142,0.755981,5.251045,,,,,,,,
temperature_300.0,300 K,config_143,0.744254,5.300562,,,,,,,,
temperature_300.0,300 K,config_144,0.778592,5.231736,,,,,,,,
temperature_300.0,300 K,config_145,0.797732,5.243944,,,,,,,,
temperature_300.0,300 K,config_146,0.717221,5.296651,,,,,,,,
temperature_300.0,300 K,config_147,0.808132,5.226011,,,,,,,,
temperature_300.0,300 K,config_148,0.787281,5.241406,,,,,,,,
temperature_300.0,300 K,config_149,0.813327,5.253166,,,,,,,,
temperature_300.0,300 K,config_150,0.802079,5.248525,,,,,,,,
temperature_520.0,520 K,config_1,0.768355,5.188353,,,,,,,,
temperature_520.0,520 K,config_2,0.789920,5.205985,,,,,,,,
temperature_520.0,520 K,config_3,0.693534,5.278744,,,,,,,,
temperature_520.0,520 K,config_4,0.750124,5.260557,,,,,,,,
temperature_520.0,520 K,config_5,0.707706,5.234787,,,,,,,,
temperature_520.0,520 K,config_6,0.725219,5.268261,,,,,,,,
temperature_520.0,520 K,config_7,0.796670,5.275046,,,,,,,,
temperature_520.0,520 K,config_8,0.771769,5.253547,,,,,,,,
temperature_520.0,520 K,config_9,0.770736,5.250676,,,,,,,,
temperature_520.0,520 K,config_10,0.801476,5.248100,,,,,,,,
temperature_520.0,520 K,config_11,0.801011,5.186248,,,,,,,,
temperature_520.0,520 K,config_12,0.745307,5.201374,,,,,,,,
temperature_520.0,520 K,config_13,0.806407,5.257494,,,,,,,,
temperature_520.0,520 K,config_14,0.770606,5.195777,,,,,,,,
temperature_520.0,520 K,config_15,0.714734,5.195126,,,,,,,,
temperature_520.0,520 K,config_16,0.720675,5.253175,,,,,,,,
temperature_520.0,520 K,config_17,0.775583,5.197950,,,,,,,,
temperature_520.0,520 K,config_18,0.762010,5.248605,,,,,,,,
temperature_520.0,520 K,config_19,0.759869,5.178623,,,,,,,,
temperature_520.0,520 K,config_20,0.762443,5.201294,,,,,,,,
temperature_520.0,520 K,config_21,0.704355,5.258988,,,,,,,,
temperature_520.0,520 K,config_22,0.727165,5.258900,,,,,,,,
temperature_520.0,520 K,config_23,0.756139,5.198602,,,,,,,,
temperature_520.0,520 K,config_24,0.838105,5.192607,,,,,,,,
temperature_520.0,520 K,config_25,0.842333,5.199513,,,,,,,,
temperature_520.0,520 K,config_26,0.839767,5.200806,,,,,,,,
temperature_520.0,520 K,config_27,0.747501,5.261558,,,,,,,,
temperature_520.0,520 K,config_28,0.757456,5.241625,,,,,,,,
temperature_520.0,520 K,config_29,0.800838,5.248370,,,,,,,,
temperature_520.0,520 K,config_30,0.736789,5.257424,,,,,,,,
temperature_520.0,520 K,config_31,0.738555,5.263448,,,,,,,,
temperature_520.0,520 K,config_32,0.663644,5.250385,,,,,,,,
temperature_520.0,520 K,config_33,0.690917,5.315942,,,,,,,,
temperature_520.0,520 K,config_34,0.770749,5.265390,,,,,,,,
temperature_520.0,520 K,config_35,0.720391,5.201904,,,,,,,,
temperature_520.0,520 K,config_36,0.638807,5.251132,,,,,,,,
temperature_520.0,520 K,config_37,0.744744,5.228943,,,,,,,,
temperature_520.0,520 K,config_38,0.753379,5.273971,,,,,,,,
temperature_520.0,520 K,config_39,0.820367,5.204214,,,,,,,,
temperature_520.0,520 K,config_40,0.745763,5.200551,,,,,,,,
temperature_520.0,520 K,config_41,0.802201,5.257315,,,,,,,,
temperature_520.0,520 K,config_42,0.788342,5.264261,,,,,,,,
temperature_520.0,520 K,config_43,0.768618,5.174816,,,,,,,,
temperature_520.0,520 K,config_44,0.756543,5.261208,,,,,,,,
temperature_520.0,520 K,config_45,0.784754,5.195215,,,,,,,,
temperature_520.0,520 K,config_46,0.770404,5.178537,,,,,,,,
temperature_520.0,520 K,config_47,0.776704,5.210413,,,,,,,,
temperature_520.0,520 K,config_48,0.791277,5.256976,,,,,,,,
temperature_520.0,520 K,config_49,0.741440,5.259759,,,,,,,,
temperature_520.0,520 K,config_50,0.690132,5.185712,,,,,,,,
temperature_520.0,520 K,config_51,0.782152,5.242477,,,,,,,,
temperature_520.0,520 K,config_52,0.728717,5.244048,,,,,,,,
temperature_520.0,520 K,config_53,0.734288,5.239301,,,,,,,,
temperature_520.0,520 K,config_54,0.826436,5.231215,,,,,,,,
temperature_520.0,520 K,config_55,0.765064,5.256062,,,,,,,,
temperature_520.0,520 K,config_56,0.743168,5.246047,,,,,,,,
temperature_520.0,520 K,config_57,0.748156,5.239129,,,,,,,,
temperature_520.0,520 K,config_58,0.737001,5.225507,,,,,,,,
temperature_520.0,520 K,config_59,0.810537,5.192114,,,,,,,,
temperature_520.0,520 K,config_60,0.789800,5.202447,,,,,,,,
temperature_520.0,520 K,config_61,0.847136,5.174129,,,,,,,,
temperature_520.0,520 K,config_62,0.762608,5.186215,,,,,,,,
temperature_520.0,520 K,config_63,0.776189,5.257704,,,,,,,,
temperature_520.0,520 K,config_64,0.774068,5.257318,,,,,,,,
temperature_520.0,520 K,config_65,0.628442,5.292122,,,,,,,,
temperature_520.0,520 K,config_66,0.833106,5.202713,,,,,,,,
temperature_520.0,520 K,config_67,0.771887,5.265099,,,,,,,,
temperature_520.0,520 K,config_68,0.717882,5.271657,,,,,,,,
temperature_520.0,520 K,config_69,0.696678,5.262451,,,,,,,,
temperature_520.0,520 K,config_70,0.821996,5.263898,,,,,,,,
temperature_520.0,520 K,config_71,0.797071,5.176543,,,,,,,,
temperature_520.0,520 K,config_72,0.754130,5.260501,,,,,,,,
temperature_520.0,520 K,config_73,0.768683,5.264152,,,,,,,,
temperature_520.0,520 K,config_74,0.805249,5.261840,,,,,,,,
temperature_520.0,520 K,config_75,0.723420,5.243897,,,,,,,,
temperature_520.0,520 K,config_76,0.714451,5.255225,,,,,,,,
temperature_520.0,520 K,config_77,0.781174,5.214692,,,,,,,,
temperature_520.0,520 K,config_78,0.740181,5.256816,,,,,,,,
temperature_520.0,520 K,config_79,0.775539,5.223053,,,,,,,,
temperature_520.0,520 K,config_80,0.826182,5.212851,,,,,,,,
temperature_520.0,520 K,config_81,0.728627,5.195620,,,,,,,,
temperature_520.0,520 K,config_82,0.803572,5.203710,,,,,,,,
temperature_520.0,520 K,config_83,0.730671,5.237085,,,,,,,,
temperature_520.0,520 K,config_84,0.678122,5.270869,,,,,,,,
temperature_520.0,520 K,config_85,0.700389,5.247068,,,,,,,,
temperature_520.0,520 K,config_86,0.772199,5.178744,,,,,,,,
temperature_520.0,520 K,config_87,0.708379,5.261516,,,,,,,,
temperature_520.0,520 K,config_88,0.642792,5.234061,,,,,,,,
temperature_520.0,520 K,config_89,0.719670,5.263983,,,,,,,,
temperature_520.0,520 K,config_90,0.779925,5.257016,,,,,,,,
temperature_520.0,520 K,config_91,0.770137,5.271172,,,,,,,,
temperature_520.0,520 K,config_92,0.743637,5.246273,,,,,,,,
temperature_520.0,520 K,config_93,0.725722,5.181666,,,,,,,,
temperature_520.0,520 K,config_94,0.762702,5.251351,,,,,,,,
temperature_520.0,520 K,config_95,0.760542,5.257687,,,,,,,,
temperature_520.0,520 K,config_96,0.762371,5.246106,,,,,,,,
temperature_520.0,520 K,config_97,0.773766,5.252375,,,,,,,,
temperature_520.0,520 K,config_98,0.774985,5.230012,,,,,,,,
temperature_520.0,520 K,config_99,0.762933,5.189409,,,,,,,,
temperature_520.0,520 K,config_100,0.893347,5.247973,,,,,,,,
temperature_520.0,520 K,config_101,0.826919,5.210181,,,,,,,,
temperature_520.0,520 K,config_102,0.781196,5.257641,,,,,,,,
temperature_520.0,520 K,config_103,0.774952,5.260579,,,,,,,,
temperature_520.0,520 K,config_104,0.782703,5.243221,,,,,,,,
temperature_520.0,520 K,config_105,0.790518,5.247125,,,,,,,,
temperature_520.0,520 K,config_106,0.689868,5.271430,,,,,,,,
temperature_520.0,520 K,config_107,0.753327,5.316766,,,,,,,,
temperature_520.0,520 K,config_108,0.678531,5.254403,,,,,,,,
temperature_520.0,520 K,config_109,0.752427,5.253329,,,,,,,,
temperature_520.0,520 K,config_110,0.827960,5.232868,,,,,,,,
temperature_520.0,520 K,config_111,0.717683,5.207351,,,,,,,,
temperature_520.0,520 K,config_112,0.751454,5.254778,,,,,,,,
temperature_520.0,520 K,config_113,0.788629,5.203356,,,,,,,,
temperature_520.0,520 K,config_114,0.757192,5.260147,,,,,,,,
temperature_520.0,520 K,config_115,0.824998,5.193241,,,,,,,,
temperature_520.0,520 K,config_116,0.878400,5.190008,,,,,,,,
temperature_520.0,520 K,config_117,0.861462,5.195199,,,,,,,,
temperature_520.0,520 K,config_118,0.726655,5.265331,,,,,,,,
temperature_520.0,520 K,config_119,0.699059,5.244584,,,,,,,,
temperature_520.0,520 K,config_120,0.718931,5.243333,,,,,,,,
temperature_520.0,520 K,config_121,0.777943,5.200463,,,,,,,,
temperature_520.0,520 K,config_122,0.788077,5.199959,,,,,,,,
temperature_520.0,520 K,config_123,0.731625,5.254363,,,,,,,,
temperature_520.0,520 K,config_124,0.746475,5.238151,,,,,,,,
temperature_520.0,520 K,config_125,0.736746,5.263626,,,,,,,,
temperature_520.0,520 K,config_126,0.735109,5.254197,,,,,,,,
temperature_520.0,520 K,config_127,0.740627,5.244937,,,,,,,,
temperature_520.0,520 K,config_128,0.730995,5.316368,,,,,,,,
temperature_520.0,520 K,config_129,0.757497,5.206591,,,,,,,,
temperature_520.0,520 K,config_130,0.755773,5.245118,,,,,,,,
temperature_520.0,520 K,config_131,0.721919,5.261886,,,,,,,,
temperature_520.0,520 K,config_132,0.730150,5.258948,,,,,,,,
temperature_520.0,520 K,config_133,0.701053,5.232390,,,,,,,,
temperature_520.0,520 K,config_134,0.809118,5.246636,,,,,,,,
temperature_520.0,520 K,config_135,0.763191,5.239705,,,,,,,,
temperature_520.0,520 K,config_136,0.742998,5.253606,,,,,,,,
temperature_520.0,520 K,config_137,0.676824,5.234701,,,,,,,,
temperature_520.0,520 K,config_138,0.713256,5.245303,,,,,,,,
temperature_520.0,520 K,config_139,0.678350,5.258603,,,,,,,,
temperature_520.0,520 K,config_140,0.817905,5.205862,,,,,,,,
temperature_520.0,520 K,config_141,0.743668,5.270780,,,,,,,,
temperature_520.0,520 K,config_142,0.604266,5.271720,,,,,,,,
temperature_520.0,520 K,config_143,0.747489,5.252921,,,,,,,,
temperature_520.0,520 K,config_144,0.779626,5.198087,,,,,,,,
temperature_520.0,520 K,config_145,0.788063,5.196632,,,,,,,,
temperature_520.0,520 K,config_146,0.858119,5.184936,,,,,,,,
temperature_520.0,520 K,config_147,0.761642,5.264422,,,,,,,,
temperature_520.0,520 K,config_148,0.803424,5.185116,,,,,,,,
temperature_520.0,520 K,config_149,0.762020,5.248705,,,,,,,,
temperature_520.0,520 K,config_150,0.796850,5.205424,,,,,,,,
temperature_650.0,650 K,config_1,0.648269,5.328616,,,,,,,,
temperature_650.0,650 K,config_2,0.709094,5.237185,,,,,,,,
temperature_650.0,650 K,config_3,0.819983,5.209863,,,,,,,,
temperature_650.0,650 K,config_4,0.714431,5.237343,,,,,,,,
temperature_650.0,650 K,config_5,0.654460,5.253744,,,,,,,,
temperature_650.0,650 K,config_6,0.590388,5.267428,,,,,,,,
temperature_650.0,650 K,config_7,0.736422,5.256515,,,,,,,,
temperature_650.0,650 K,config_8,0.735814,5.252701,,,,,,,,
temperature_650.0,650 K,config_9,0.776727,5.242068,,,,,,,,
temperature_650.0,650 K,config_10,0.776334,5.242879,,,,,,,,
temperature_650.0,650 K,config_11,0.807073,5.227856,,,,,,,,
temperature_650.0,650 K,config_12,0.698971,5.271878,,,,,,,,
temperature_650.0,650 K,config_13,0.780090,5.185219,,,,,,,,
temperature_650.0,650 K,config_14,0.697717,5.217150,,,,,,,,
temperature_650.0,650 K,config_15,0.813166,5.201803,,,,,,,,
temperature_650.0,650 K,config_16,0.803556,5.201701,,,,,,,,
temperature_650.0,650 K,config_17,0.811162,5.273716,,,,,,,,
temperature_650.0,650 K,config_18,0.792992,5.198098,,,,,,,,
temperature_650.0,650 K,config_19,0.773599,5.191114,,,,,,,,
temperature_650.0,650 K,config_20,0.716105,5.249041,,,,,,,,
temperature_650.0,650 K,config_21,0.757720,5.236398,,,,,,,,
temperature_650.0,650 K,config_22,0.747417,5.245319,,,,,,,,
temperature_650.0,650 K,config_23,0.798035,5.262688,,,,,,,,
temperature_650.0,650 K,config_24,0.770133,5.257885,,,,,,,,
temperature_650.0,650 K,config_25,0.800952,5.195160,,,,,,,,
temperature_650.0,650 K,config_26,0.739687,5.187894,,,,,,,,
temperature_650.0,650 K,config_27,0.784772,5.207786,,,,,,,,
temperature_650.0,650 K,config_28,0.825925,5.253132,,,,,,,,
temperature_650.0,650 K,config_29,0.796582,5.256398,,,,,,,,
temperature_650.0,650 K,config_30,0.757804,5.260802,,,,,,,,
temperature_650.0,650 K,config_31,0.756823,5.254995,,,,,,,,
temperature_650.0,650 K,config_32,0.767510,5.246939,,,,,,,,
temperature_650.0,650 K,config_33,0.728815,5.263901,,,,,,,,
temperature_650.0,650 K,config_34,0.798418,5.272918,,,,,,,,
temperature_650.0,650 K,config_35,0.736571,5.255829,,,,,,,,
temperature_650.0,650 K,config_36,0.779246,5.201732,,,,,,,,
temperature_650.0,650 K,config_37,0.701823,5.277276,,,,,,,,
temperature_650.0,650 K,config_38,0.726415,5.264522,,,,,,,,
temperature_650.0,650 K,config_39,0.780080,5.227637,,,,,,,,
temperature_650.0,650 K,config_40,0.787349,5.253267,,,,,,,,
temperature_650.0,650 K,config_41,0.802214,5.209796,,,,,,,,
temperature_650.0,650 K,config_42,0.802697,5.230015,,,,,,,,
temperature_650.0,650 K,config_43,0.733514,5.254461,,,,,,,,
temperature_650.0,650 K,config_44,0.807077,5.261176,,,,,,,,
temperature_650.0,650 K,config_45,0.795102,5.200849,,,,,,,,
temperature_650.0,650 K,config_46,0.796814,5.196833,,,,,,,,
temperature_650.0,650 K,config_47,0.747609,5.239729,,,,,,,,
temperature_650.0,650 K,config_48,0.720491,5.208555,,,,,,,,
temperature_650.0,650 K,config_49,0.807284,5.210271,,,,,,,,
temperature_650.0,650 K,config_50,0.768717,5.195742,,,,,,,,
temperature_650.0,650 K,config_51,0.795991,5.189315,,,,,,,,
temperature_650.0,650 K,config_52,0.767119,5.206423,,,,,,,,
temperature_650.0,650 K,config_53,0.774196,5.217333,,,,,,,,
temperature_650.0,650 K,config_54,0.790553,5.261665,,,,,,,,
temperature_650.0,650 K,config_55,0.721962,5.323572,,,,,,,,
temperature_650.0,650 K,config_56,0.747557,5.241278,,,,,,,,
temperature_650.0,650 K,config_57,0.730924,5.259453,,,,,,,,
temperature_650.0,650 K,config_58,0.782028,5.255873,,,,,,,,
temperature_650.0,650 K,config_59,0.797563,5.266915,,,,,,,,
temperature_650.0,650 K,config_60,0.738675,5.181635,,,,,,,,
temperature_650.0,650 K,config_61,0.740433,5.258972,,,,,,,,
temperature_650.0,650 K,config_62,0.739196,5.289810,,,,,,,,
temperature_650.0,650 K,config_63,0.740115,5.206887,,,,,,,,
temperature_650.0,650 K,config_64,0.771883,5.257276,,,,,,,,
temperature_650.0,650 K,config_65,0.738393,5.300690,,,,,,,,
temperature_650.0,650 K,config_66,0.790247,5.193301,,,,,,,,
temperature_650.0,650 K,config_67,0.819296,5.191926,,,,,,,,
temperature_650.0,650 K,config_68,0.760012,5.235434,,,,,,,,
temperature_650.0,650 K,config_69,0.771527,5.317414,,,,,,,,
temperature_650.0,650 K,config_70,0.757105,5.252052,,,,,,,,
temperature_650.0,650 K,config_71,0.744030,5.240607,,,,,,,,
temperature_650.0,650 K,config_72,0.769350,5.202253,,,,,,,,
temperature_650.0,650 K,config_73,0.772817,5.195503,,,,,,,,
temperature_650.0,650 K,config_74,0.866723,5.197801,,,,,,,,
temperature_650.0,650 K,config_75,0.852287,5.211341,,,,,,,,
temperature_650.0,650 K,config_76,0.796236,5.199500,,,,,,,,
temperature_650.0,650 K,config_77,0.804060,5.194431,,,,,,,,
temperature_650.0,650 K,config_78,0.647508,5.257432,,,,,,,,
temperature_650.0,650 K,config_79,0.656558,5.239924,,,,,,,,
temperature_650.0,650 K,config_80,0.764336,5.268411,,,,,,,,
temperature_650.0,650 K,config_81,0.778025,5.253949,,,,,,,,
temperature_650.0,650 K,config_82,0.825159,5.197412,,,,,,,,
temperature_650.0,650 K,config_83,0.842439,5.189793,,,,,,,,
temperature_650.0,650 K,config_84,0.765813,5.252832,,,,,,,,
temperature_650.0,650 K,config_85,0.737838,5.252410,,,,,,,,
temperature_650.0,650 K,config_86,0.853088,5.183514,,,,,,,,
temperature_650.0,650 K,config_87,0.761677,5.254253,,,,,,,,
temperature_650.0,650 K,config_88,0.702773,5.257071,,,,,,,,
temperature_650.0,650 K,config_89,0.739078,5.250511,,,,,,,,
temperature_650.0,650 K,config_90,0.724420,5.253685,,,,,,,,
temperature_650.0,650 K,config_91,0.800808,5.256341,,,,,,,,
temperature_650.0,650 K,config_92,0.697717,5.267223,,,,,,,,
temperature_650.0,650 K,config_93,0.769864,5.200577,,,,,,,,
temperature_650.0,650 K,config_94,0.763370,5.180198,,,,,,,,
temperature_650.0,650 K,config_95,0.779931,5.215507,,,,,,,,
temperature_650.0,650 K,config_96,0.786702,5.183914,,,,,,,,
temperature_650.0,650 K,config_97,0.840907,5.198717,,,,,,,,
temperature_650.0,650 K,config_98,0.733964,5.214351,,,,,,,,
temperature_650.0,650 K,config_99,0.779002,5.180506,,,,,,,,
temperature_650.0,650 K,config_100,0.739844,5.258478,,,,,,,,
temperature_650.0,650 K,config_101,0.683182,5.253436,,,,,,,,
temperature_650.0,650 K,config_102,0.685395,5.267813,,,,,,,,
temperature_650.0,650 K,config_103,0.908434,5.156424,,,,,,,,
temperature_650.0,650 K,config_104,0.666848,5.255246,,,,,,,,
temperature_650.0,650 K,config_105,0.627817,5.262037,,,,,,,,
temperature_650.0,650 K,config_106,0.694673,5.263910,,,,,,,,
temperature_650.0,650 K,config_107,0.724407,5.252987,,,,,,,,
temperature_650.0,650 K,config_108,0.711448,5.247073,,,,,,,,
temperature_650.0,650 K,config_109,0.800883,5.179841,,,,,,,,
temperature_650.0,650 K,config_110,0.712293,5.248553,,,,,,,,
temperature_650.0,650 K,config_111,0.746931,5.255669,,,,,,,,
temperature_650.0,650 K,config_112,0.735216,5.245464,,,,,,,,
temperature_650.0,650 K,config_113,0.818889,5.256302,,,,,,,,
temperature_650.0,650 K,config_114,0.782829,5.186752,,,,,,,,
temperature_650.0,650 K,config_115,0.687292,5.240412,,,,,,,,
temperature_650.0,650 K,config_116,0.812934,5.226888,,,,,,,,
temperature_650.0,650 K,config_117,0.729084,5.266439,,,,,,,,
temperature_650.0,650 K,config_118,0.700252,5.263874,,,,,,,,
temperature_650.0,650 K,config_119,0.716522,5.201207,,,,,,,,
temperature_650.0,650 K,config_120,0.668999,5.265180,,,,,,,,
temperature_650.0,650 K,config_121,0.785557,5.229751,,,,,,,,
temperature_650.0,650 K,config_122,0.651446,5.266732,,,,,,,,
temperature_650.0,650 K,config_123,0.665423,5.260672,,,,,,,,
temperature_650.0,650 K,config_124,0.730153,5.262898,,,,,,,,
temperature_650.0,650 K,config_125,0.751245,5.268588,,,,,,,,
temperature_650.0,650 K,config_126,0.668685,5.197732,,,,,,,,
temperature_650.0,650 K,config_127,0.746888,5.214505,,,,,,,,
temperature_650.0,650 K,config_128,0.735195,5.240772,,,,,,,,
temperature_650.0,650 K,config_129,0.691312,5.247970,,,,,,,,
temperature_650.0,650 K,config_130,0.727680,5.200036,,,,,,,,
temperature_650.0,650 K,config_131,0.650847,5.262405,,,,,,,,
temperature_650.0,650 K,config_132,0.783047,5.264318,,,,,,,,
temperature_650.0,650 K,config_133,0.746177,5.272754,,,,,,,,
temperature_650.0,650 K,config_134,0.659760,5.289785,,,,,,,,
temperature_650.0,650 K,config_135,0.705504,5.273245,,,,,,,,
temperature_650.0,650 K,config_136,0.742564,5.257635,,,,,,,,
temperature_650.0,650 K,config_137,0.680699,5.255978,,,,,,,,
temperature_650.0,650 K,config_138,0.824462,5.187434,,,,,,,,
temperature_650.0,650 K,config_139,0.802504,5.258631,,,,,,,,
temperature_650.0,650 K,config_140,0.739551,5.245630,,,,,,,,
temperature_650.0,650 K,config_141,0.787363,5.202556,,,,,,,,
temperature_650.0,650 K,config_142,0.751797,5.216410,,,,,,,,
temperature_650.0,650 K,config_143,0.745019,5.257431,,,,,,,,
temperature_650.0,650 K,config_144,0.815091,5.179889,,,,,,,,
temperature_650.0,650 K,config_145,0.731261,5.259333,,,,,,,,
temperature_650.0,650 K,config_146,0.810546,5.213268,,,,,,,,
temperature_650.0,650 K,config_147,0.712711,5.248301,,,,,,,,
temperature_650.0,650 K,config_148,0.729263,5.263107,,,,,,,,
temperature_650.0,650 K,config_149,0.738220,5.240173,,,,,,,,
temperature_650.0,650 K,config_150,0.754423,5.266526,,,,,,,,
